id,file_name,width,height,category_id,bbox_x,bbox_y,bbox_w,bbox_h,category_name,scaled_bbox_x,scaled_bbox_y,scaled_bbox_w,scaled_bbox_h,log_scaled_bbox_w,log_scaled_bbox_h
1,image_081.jpeg,183,275,1,142,30,34,63,,0.7759562841530054,0.10909090909090909,0.18579234972677597,0.2290909090909091,-1.6831256282252596,-1.4736363712750387
1,image_081.jpeg,183,275,4,49,185,93,59,,0.2677595628415301,0.6727272727272727,0.5081967213114754,0.21454545454545454,-0.676886659688165,-1.539233653760852
2,image_080.jpg,866,1390,1,321,33,228,110,,0.37066974595842955,0.023741007194244605,0.2632794457274827,0.07913669064748201,-1.3345392796079945,-2.5365786603323213
2,image_080.jpg,866,1390,3,262,204,299,497,,0.302540415704388,0.14676258992805755,0.34526558891454967,0.3575539568345324,-1.0634413351717487,-1.0284690000281087
2,image_080.jpg,866,1390,4,211,941,506,316,,0.24364896073903003,0.676978417266187,0.5842956120092379,0.2273381294964029,-0.5373482392749697,-1.4813168125378253
3,image_079.jpg,397,612,1,255,4,128,122,,0.6423173803526449,0.006535947712418301,0.3224181360201511,0.19934640522875818,-1.1319060167675732,-1.6127112377790696
3,image_079.jpg,397,612,3,5,4,225,208,,0.012594458438287154,0.006535947712418301,0.5667506297229219,0.33986928104575165,-0.5678358784827703,-1.079194202811008
3,image_079.jpg,397,612,4,176,423,99,102,,0.4433249370277078,0.6911764705882353,0.24937027707808565,0.16666666666666666,-1.3888164305526005,-1.791759469228055
4,image_078.jpg,1046,1200,1,338,35,220,127,,0.3231357552581262,0.029166666666666667,0.21032504780114722,0.10583333333333333,-1.5591010982725066,-2.2458897493175005
5,image_076.jpg,612,553,1,187,75,143,83,,0.3055555555555556,0.13562386980108498,0.23366013071895425,0.15009041591320071,-1.453887652252419,-1.896517393725737
5,image_076.jpg,612,553,4,109,441,247,69,,0.1781045751633987,0.7974683544303798,0.4035947712418301,0.12477396021699819,-0.9073439458843489,-2.0812514969250753
6,image_077.jpg,682,1023,1,325,78,109,95,,0.47653958944281527,0.07624633431085044,0.1598240469208211,0.09286412512218964,-1.8336817756143184,-2.3766178743510857
6,image_077.jpg,682,1023,4,324,621,297,107,,0.4750733137829912,0.6070381231671554,0.43548387096774194,0.10459433040078202,-0.8312975190407624,-2.2576659314897203
7,image_075.jpg,507,810,1,211,32,109,83,,0.4161735700197239,0.03950617283950617,0.21499013806706113,0.10246913580246914,-1.5371631213620396,-2.2781936398698863
8,image_074.jpg,480,480,1,41,50,70,101,,0.08541666666666667,0.10416666666666667,0.14583333333333334,0.21041666666666667,-1.9252908618525775,-1.5586655870606771
8,image_074.jpg,480,480,3,173,69,120,153,,0.36041666666666666,0.14375,0.25,0.31875,-1.3862943611198906,-1.1433481825095013
8,image_074.jpg,480,480,4,352,282,85,79,,0.7333333333333333,0.5875,0.17708333333333334,0.16458333333333333,-1.7311348474116202,-1.804338251434915
8,image_074.jpg,480,480,4,230,362,94,77,,0.4791666666666667,0.7541666666666667,0.19583333333333333,0.16041666666666668,-1.6304913216319328,-1.8299806820482527
9,image_073.jpg,866,1300,1,393,34,163,115,,0.45381062355658197,0.026153846153846153,0.18822170900692842,0.08846153846153847,-1.6701347077556727,-2.425187415086378
9,image_073.jpg,866,1300,4,289,1101,100,153,,0.33371824480369516,0.8469230769230769,0.11547344110854503,0.1176923076923077,-2.1587147225743437,-2.139681622057193
9,image_073.jpg,866,1300,4,498,1033,151,179,,0.5750577367205543,0.7946153846153846,0.17436489607390301,0.1376923076923077,-1.7466050717475108,-1.9827337376088732
10,image_072.jpg,300,470,1,113,20,58,37,,0.37666666666666665,0.0425531914893617,0.19333333333333333,0.07872340425531915,-1.6433394641097818,-2.54181478205988
10,image_072.jpg,300,470,4,100,379,30,45,,0.3333333333333333,0.8063829787234043,0.1,0.09574468085106383,-2.3025850929940455,-2.3460702049337847
10,image_072.jpg,300,470,4,152,380,56,34,,0.5066666666666667,0.8085106382978723,0.18666666666666668,0.07234042553191489,-1.6784307839210517,-2.6263721700879428
10,image_072.jpg,300,470,2,128,73,37,25,,0.4266666666666667,0.15531914893617021,0.12333333333333334,0.05319148936170213,-2.0928645620119766,-2.9338568698359033
11,image_071.jpg,768,1024,1,360,50,130,66,,0.46875,0.048828125,0.16927083333333334,0.064453125,-1.7762552826920897,-2.7418170635730275
11,image_071.jpg,768,1024,4,287,818,133,146,,0.3736979166666667,0.798828125,0.17317708333333334,0.142578125,-1.7534406049259184,-1.9478651838911167
11,image_071.jpg,768,1024,4,441,838,101,147,,0.57421875,0.818359375,0.13151041666666666,0.1435546875,-2.0286692163064126,-1.9410392188207168
12,image_070.jpg,225,338,1,93,13,47,28,,0.41333333333333333,0.038461538461538464,0.2088888888888889,0.08284023668639054,-1.5659528004943615,-2.4908413853078146
12,image_070.jpg,225,338,3,78,68,62,101,,0.3466666666666667,0.20118343195266272,0.27555555555555555,0.2988165680473373,-1.2889660171593287,-1.2079253786417592
12,image_070.jpg,225,338,4,74,252,65,57,,0.3288888888888889,0.7455621301775148,0.28888888888888886,0.16863905325443787,-1.241713132308783,-1.7799946276484686
13,image_069.jpg,1300,866,1,565,24,278,235,,0.4346153846153846,0.02771362586605081,0.21384615384615385,0.27136258660508084,-1.542498429758991,-1.3042993944182761
13,image_069.jpg,1300,866,3,485,272,302,231,,0.3730769230769231,0.3140877598152425,0.2323076923076923,0.26674364896073904,-1.4596925260747584,-1.3214671980406416
13,image_069.jpg,1300,866,4,642,660,93,155,,0.4938461538461538,0.7621247113163973,0.07153846153846154,0.1789838337182448,-2.6375200502963723,-1.7204597916431885
14,image_068.jpeg,1200,1200,1,176,2,241,320,,0.14666666666666667,0.0016666666666666668,0.20083333333333334,0.26666666666666666,-1.6052799022854367,-1.3217558399823195
14,image_068.jpeg,1200,1200,4,550,959,361,132,,0.4583333333333333,0.7991666666666667,0.30083333333333334,0.11,-1.2011988774432107,-2.2072749131897207
14,image_068.jpeg,1200,1200,3,612,67,515,312,,0.51,0.05583333333333333,0.42916666666666664,0.26,-0.8459099351123556,-1.3470736479666092
15,image_067.jpg,2000,2000,3,1266,457,631,734,,0.633,0.2285,0.3155,0.367,-1.1535965970008693,-1.0023934309275668
15,image_067.jpg,2000,2000,1,877,217,444,404,,0.4385,0.1085,0.222,0.202,-1.5050778971098575,-1.5994875815809322
15,image_067.jpg,2000,2000,4,433,1464,801,412,,0.2165,0.732,0.4005,0.206,-0.9150415124737231,-1.579879110192556
16,image_066.jpg,300,450,1,181,211,51,44,,0.6033333333333334,0.4688888888888889,0.17,0.09777777777777778,-1.7719568419318752,-2.325057948846104
16,image_066.jpg,300,450,4,150,374,42,31,,0.5,0.8311111111111111,0.14,0.06888888888888889,-1.9661128563728327,-2.6752603782792193
16,image_066.jpg,300,450,3,122,113,91,85,,0.4066666666666667,0.2511111111111111,0.30333333333333334,0.18888888888888888,-1.192922968139351,-1.666596326274049
17,image_065.jpg,300,450,1,113,54,64,42,,0.37666666666666665,0.12,0.21333333333333335,0.09333333333333334,-1.5448993912965292,-2.371577964480997
17,image_065.jpg,300,450,4,104,382,77,43,,0.3466666666666667,0.8488888888888889,0.25666666666666665,0.09555555555555556,-1.3599770528025172,-2.348047467070803
17,image_065.jpg,300,450,3,97,125,87,81,,0.3233333333333333,0.2777777777777778,0.29,0.18,-1.2378743560016174,-1.7147984280919266
18,image_064.jpg,295,450,3,123,111,71,96,,0.41694915254237286,0.24666666666666667,0.24067796610169492,0.21333333333333335,-1.4242954792985043,-1.5448993912965292
18,image_064.jpg,295,450,1,115,41,60,38,,0.3898305084745763,0.09111111111111111,0.2033898305084746,0.08444444444444445,-1.5926307941177191,-2.4716614230379794
18,image_064.jpg,295,450,4,132,383,32,38,,0.44745762711864406,0.8511111111111112,0.10847457627118644,0.08444444444444445,-2.2212394535400932,-2.4716614230379794
19,image_063.jpg,408,259,1,138,23,60,58,,0.3382352941176471,0.0888030888030888,0.14705882352941177,0.22393822393822393,-1.916922612182061,-1.4963850511531185
19,image_063.jpg,408,259,4,61,199,48,40,,0.14950980392156862,0.7683397683397684,0.11764705882352941,0.15444015444015444,-2.1400661634962708,-1.8679486075856016
19,image_063.jpg,408,259,3,54,49,96,74,,0.1323529411764706,0.1891891891891892,0.23529411764705882,0.2857142857142857,-1.4469189829363254,-1.252762968495368
20,image_062.jpg,360,539,1,188,17,83,73,,0.5222222222222223,0.03153988868274583,0.23055555555555557,0.13543599257884972,-1.4672634236535578,-1.999256129760606
20,image_062.jpg,360,539,4,114,451,144,42,,0.31666666666666665,0.8367346938775511,0.4,0.07792207792207792,-0.916290731874155,-2.5520459526256287
20,image_062.jpg,360,539,3,124,105,146,212,,0.34444444444444444,0.19480519480519481,0.40555555555555556,0.39332096474953615,-0.9024974097418192,-0.9331292962369848
21,image_061.jpg,281,344,1,58,9,57,27,,0.20640569395017794,0.02616279069767442,0.20284697508896798,0.07848837209302326,-1.5953034014991956,-2.5448047913690695
21,image_061.jpg,281,344,1,156,27,47,27,,0.5551601423487544,0.07848837209302326,0.16725978647686832,0.07848837209302326,-1.7882070676236872,-2.5448047913690695
21,image_061.jpg,281,344,3,41,69,86,106,,0.14590747330960854,0.2005813953488372,0.30604982206405695,0.3081395348837209,-1.184007373080238,-1.1772025632613312
21,image_061.jpg,281,344,4,58,291,46,43,,0.20640569395017794,0.8459302325581395,0.16370106761565836,0.125,-1.8097132728446508,-2.0794415416798357
21,image_061.jpg,281,344,4,160,275,56,45,,0.5693950177935944,0.7994186046511628,0.199288256227758,0.1308139534883721,-1.6130029785985966,-2.0339791676030785
22,image_060.jpg,540,541,1,159,16,79,51,,0.29444444444444445,0.029574861367837338,0.14629629629629629,0.09426987060998152,-1.9221212870912987,-2.361593646122156
22,image_060.jpg,540,541,1,312,4,72,42,,0.5777777777777777,0.0073937153419593345,0.13333333333333333,0.07763401109057301,-2.0149030205422647,-2.555749660563113
22,image_060.jpg,540,541,3,142,113,132,203,,0.26296296296296295,0.2088724584103512,0.24444444444444444,0.3752310536044362,-1.4087672169719492,-0.9802132998046943
22,image_060.jpg,540,541,3,297,99,116,205,,0.55,0.18299445471349354,0.21481481481481482,0.3789279112754159,-1.5379789484519555,-0.9704092997080733
22,image_060.jpg,540,541,4,125,471,157,67,,0.23148148148148148,0.8706099815157117,0.29074074074074074,0.12384473197781885,-1.235323334210012,-2.0887266594555154
22,image_060.jpg,540,541,4,286,440,193,99,,0.5296296296296297,0.8133086876155268,0.3574074074074074,0.18299445471349354,-1.0288789506534346,-1.6982994287118915
23,image_057.jpg,800,1200,1,434,57,117,87,,0.5425,0.0475,0.14625,0.0725,-1.9224377928701712,-2.624168717121508
23,image_057.jpg,800,1200,3,391,228,231,296,,0.48875,0.19,0.28875,0.24666666666666667,-1.2421940171461336,-1.3997173814520312
23,image_057.jpg,800,1200,4,440,810,128,163,,0.55,0.675,0.16,0.13583333333333333,-1.8325814637483102,-1.9963266349693294
24,image_056.jpg,1000,667,1,460,31,61,86,,0.46,0.046476761619190406,0.061,0.12893553223388307,-2.796881414808826,-2.048442749662116
24,image_056.jpg,1000,667,3,442,83,136,176,,0.442,0.12443778110944528,0.136,0.2638680659670165,-1.995100393246085,-1.3323060508774718
24,image_056.jpg,1000,667,4,385,489,67,46,,0.385,0.7331334332833583,0.067,0.06896551724137931,-2.703062659591171,-2.6741486494265287
24,image_056.jpg,1000,667,4,603,479,48,45,,0.603,0.7181409295352323,0.048,0.06746626686656672,-3.036554268074246,-2.6961275561453037
25,image_055.jpg,1000,667,1,624,60,97,53,,0.624,0.08995502248875563,0.097,0.07946026986506746,-2.333044300478754,-2.532498132363502
25,image_055.jpg,1000,667,3,675,132,132,148,,0.675,0.19790104947526238,0.132,0.22188905547226387,-2.0249533563957662,-1.5055777721515087
25,image_055.jpg,1000,667,4,710,571,169,39,,0.71,0.856071964017991,0.169,0.05847076461769116,-1.7778565640590636,-2.839228399785977
26,image_054.jpg,750,499,1,412,32,97,115,,0.5493333333333333,0.06412825651302605,0.12933333333333333,0.23046092184368738,-2.045362228026973,-1.4676739673882686
26,image_054.jpg,750,499,4,576,312,85,133,,0.768,0.625250501002004,0.11333333333333333,0.2665330661322645,-2.17742195004004,-1.3222569675297648
27,image_053.jpg,750,750,4,27,371,103,237,,0.036,0.49466666666666664,0.13733333333333334,0.316,-1.9853442183007204,-1.152013065395225
27,image_053.jpg,750,750,1,295,3,214,180,,0.3933333333333333,0.004,0.2853333333333333,0.24,-1.2540971915085046,-1.4271163556401458
27,image_053.jpg,750,750,3,253,53,301,289,,0.3373333333333333,0.07066666666666667,0.4013333333333333,0.38533333333333336,-0.9129629417814804,-0.9536465184179239
28,image_052.jpg,750,750,1,274,2,201,237,,0.36533333333333334,0.0026666666666666666,0.268,0.316,-1.3167682984712803,-1.152013065395225
28,image_052.jpg,750,750,3,229,95,319,239,,0.30533333333333335,0.12666666666666668,0.42533333333333334,0.31866666666666665,-0.8548821037455115,-1.1436096545988454
28,image_052.jpg,750,750,4,11,634,140,88,,0.014666666666666666,0.8453333333333334,0.18666666666666668,0.11733333333333333,-1.6784307839210517,-2.1427363920521496
28,image_052.jpg,750,750,4,568,669,147,80,,0.7573333333333333,0.892,0.196,0.10666666666666667,-1.6296406197516198,-2.2380465718564744
29,image_051.jpg,600,600,1,268,48,84,47,,0.44666666666666666,0.08,0.14,0.07833333333333334,-1.9661128563728327,-2.546782053506088
29,image_051.jpg,600,600,1,384,31,96,59,,0.64,0.051666666666666666,0.16,0.09833333333333333,-1.8325814637483102,-2.319392211310427
29,image_051.jpg,600,600,1,505,23,88,53,,0.8416666666666667,0.03833333333333333,0.14666666666666667,0.08833333333333333,-1.91959284073794,-2.4266377416640244
29,image_051.jpg,600,600,3,257,134,106,128,,0.42833333333333334,0.22333333333333333,0.17666666666666667,0.21333333333333335,-1.7334905611040792,-1.5448993912965292
29,image_051.jpg,600,600,3,533,128,59,133,,0.8883333333333333,0.21333333333333335,0.09833333333333333,0.22166666666666668,-2.319392211310427,-1.5065805269943926
29,image_051.jpg,600,600,4,258,477,102,83,,0.43,0.795,0.17,0.13833333333333334,-1.7719568419318752,-1.9780890474195485
29,image_051.jpg,600,600,4,390,496,124,76,,0.65,0.8266666666666667,0.20666666666666667,0.12666666666666668,-1.5766480896111095,-2.0661963149298153
29,image_051.jpg,600,600,4,534,510,55,80,,0.89,0.85,0.09166666666666666,0.13333333333333333,-2.3895964699836756,-2.0149030205422647
30,image_050.jpg,1300,956,1,692,187,245,134,,0.5323076923076923,0.19560669456066945,0.18846153846153846,0.1401673640167364,-1.6688613329049011,-1.9649181131004898
30,image_050.jpg,1300,956,2,718,380,160,96,,0.5523076923076923,0.39748953974895396,0.12307692307692308,0.100418410041841,-2.094945728215801,-2.2984097215835653
30,image_050.jpg,1300,956,3,643,446,358,308,,0.4946153846153846,0.4665271966527197,0.2753846153846154,0.32217573221757323,-1.2895865570489278,-1.132658130077827
31,image_049.jpg,1000,1620,1,439,182,323,197,,0.439,0.11234567901234568,0.323,0.12160493827160494,-1.1301029557594804,-2.106977699488441
31,image_049.jpg,1000,1620,2,475,428,255,156,,0.475,0.2641975308641975,0.255,0.0962962962962963,-1.3664917338237108,-2.340325420976893
31,image_049.jpg,1000,1620,3,368,572,433,724,,0.368,0.3530864197530864,0.433,0.4469135802469136,-0.8370175509796473,-0.8053900358407134
32,image_048.jpg,1000,667,1,595,30,248,103,,0.595,0.044977511244377814,0.248,0.15442278860569716,-1.3943265328171548,-1.868061057685988
32,image_048.jpg,1000,667,2,633,154,169,104,,0.633,0.23088455772113944,0.169,0.15592203898050974,-1.7778565640590636,-1.858399146774251
32,image_048.jpg,1000,667,3,571,313,362,281,,0.571,0.46926536731634183,0.362,0.42128935532233885,-1.016111067156366,-0.8644353765818779
33,image_047.jpg,784,441,1,323,4,141,47,,0.4119897959183674,0.009070294784580499,0.1798469387755102,0.10657596371882086,-1.7156491299722396,-2.2388972737367876
33,image_047.jpg,784,441,2,354,60,75,67,,0.45153061224489793,0.1360544217687075,0.09566326530612244,0.15192743764172337,-2.3469209068140975,-1.8843522560558799
33,image_047.jpg,784,441,3,295,124,204,311,,0.3762755102040816,0.2811791383219955,0.2602040816326531,0.7052154195011338,-1.3462890265061913,-0.3492519632676119
34,image_046.jpg,500,309,1,181,4,70,30,,0.362,0.012944983818770227,0.14,0.0970873786407767,-1.9661128563728327,-2.33214389523559
34,image_046.jpg,500,309,2,183,46,70,34,,0.366,0.1488673139158576,0.14,0.11003236245954692,-1.9661128563728327,-2.2069807522815843
34,image_046.jpg,500,309,3,164,71,135,134,,0.328,0.2297734627831715,0.27,0.4336569579288026,-1.3093333199837622,-0.8355014769468341
35,image_045.jpeg,880,516,2,57,126,27,29,,0.06477272727272727,0.2441860465116279,0.03068181818181818,0.0562015503875969,-3.484085041467923,-2.8788109354950886
35,image_045.jpeg,880,516,2,274,80,56,34,,0.31136363636363634,0.15503875968992248,0.06363636363636363,0.06589147286821706,-2.754570216737103,-2.719746240865401
35,image_045.jpeg,880,516,2,449,95,41,32,,0.5102272727272728,0.18410852713178294,0.04659090909090909,0.06201550387596899,-3.0663498407679444,-2.780370862681836
35,image_045.jpeg,880,516,2,622,108,29,23,,0.7068181818181818,0.20930232558139536,0.03295454545454545,0.044573643410852716,-3.412626077485778,-3.110612549552413
35,image_045.jpeg,880,516,2,727,101,33,34,,0.8261363636363637,0.19573643410852712,0.0375,0.06589147286821706,-3.283414346005772,-2.719746240865401
35,image_045.jpeg,880,516,2,509,103,38,30,,0.5784090909090909,0.1996124031007752,0.04318181818181818,0.05813953488372093,-3.142335747745866,-2.8449093838194073
35,image_045.jpeg,880,516,2,353,111,32,27,,0.4011363636363636,0.21511627906976744,0.03636363636363636,0.05232558139534884,-3.3141860046725258,-2.9502698994772336
35,image_045.jpeg,880,516,3,606,129,72,128,,0.6886363636363636,0.25,0.08181818181818182,0.24806201550387597,-2.503255788456197,-1.3940765015619456
35,image_045.jpeg,880,516,3,32,161,89,128,,0.03636363636363636,0.312015503875969,0.10113636363636364,0.24806201550387597,-2.2912855377401122,-1.3940765015619456
35,image_045.jpeg,880,516,3,240,103,109,164,,0.2727272727272727,0.1996124031007752,0.12386363636363637,0.3178294573643411,-2.0885740252431084,-1.1462403376573642
35,image_045.jpeg,880,516,4,406,448,130,24,,0.46136363636363636,0.8682170542635659,0.14772727272727273,0.046511627906976744,-1.9123874570166697,-3.068052935133617
35,image_045.jpeg,880,516,4,279,456,44,33,,0.3170454545454545,0.8837209302325582,0.05,0.06395348837209303,-2.995732273553991,-2.7495992040150825
35,image_045.jpeg,880,516,4,50,449,90,34,,0.056818181818181816,0.8701550387596899,0.10227272727272728,0.06589147286821706,-2.280112237141987,-2.719746240865401
35,image_045.jpeg,880,516,4,739,420,45,50,,0.8397727272727272,0.813953488372093,0.05113636363636364,0.09689922480620156,-2.9732594177019323,-2.334083760053417
35,image_045.jpeg,880,516,4,599,402,110,28,,0.6806818181818182,0.7790697674418605,0.125,0.05426356589147287,-2.0794415416798357,-2.913902255306359
36,image_044.jpeg,154,327,1,91,64,28,25,,0.5909090909090909,0.19571865443425077,0.18181818181818182,0.0764525993883792,-1.7047480922384253,-2.571084346029053
36,image_044.jpeg,154,327,2,79,86,41,20,,0.512987012987013,0.26299694189602446,0.2662337662337662,0.06116207951070336,-1.3233805357093213,-2.7942278973432626
36,image_044.jpeg,154,327,4,62,235,47,20,,0.4025974025974026,0.7186544342507645,0.3051948051948052,0.06116207951070336,-1.1868050007035706,-2.7942278973432626
36,image_044.jpeg,154,327,3,64,94,50,81,,0.4155844155844156,0.2874617737003058,0.3246753246753247,0.24770642201834864,-1.1249295969854831,-1.3955110162248145
37,image_043.png,302,446,1,161,24,55,36,,0.5331125827814569,0.053811659192825115,0.18211920529801323,0.08071748878923767,-1.7030938321423987,-2.516800013563954
37,image_043.png,302,446,2,160,72,56,24,,0.5298013245033113,0.16143497757847533,0.18543046357615894,0.053811659192825115,-1.6850753266397205,-2.9222651216721185
37,image_043.png,302,446,3,140,93,85,164,,0.46357615894039733,0.2085201793721973,0.2814569536423841,0.36771300448430494,-1.2677757608845532,-1.0004525241958657
38,image_042.png,240,404,1,53,16,42,25,,0.22083333333333333,0.039603960396039604,0.175,0.06188118811881188,-1.742969305058623,-2.7825390530929495
38,image_042.png,240,404,2,45,46,58,15,,0.1875,0.11386138613861387,0.24166666666666667,0.03712871287128713,-1.420195912795572,-3.29336467685894
38,image_042.png,240,404,3,34,70,83,116,,0.14166666666666666,0.17326732673267325,0.3458333333333333,0.2871287128712871,-1.0617983155453934,-1.2478246868547855
38,image_042.png,240,404,4,49,270,88,43,,0.20416666666666666,0.6683168316831684,0.36666666666666664,0.10643564356435643,-1.0033021088637848,-2.2402147622675876
39,image_041.png,306,836,1,64,84,108,57,,0.20915032679738563,0.10047846889952153,0.35294117647058826,0.06818181818181818,-1.041453874828161,-2.6855773452501515
39,image_041.png,306,836,2,112,161,64,57,,0.3660130718954248,0.19258373205741627,0.20915032679738563,0.06818181818181818,-1.564702018592709,-2.6855773452501515
39,image_041.png,306,836,3,24,233,203,238,,0.0784313725490196,0.27870813397129185,0.6633986928104575,0.284688995215311,-0.4103791229105935,-1.256357939413227
40,image_040.png,402,816,1,203,313,75,53,,0.5049751243781094,0.38357843137254904,0.1865671641791045,0.06495098039215687,-1.6789639750827106,-2.734122441411985
40,image_040.png,402,816,2,200,380,59,28,,0.4975124378109453,0.46568627450980393,0.14676616915422885,0.03431372549019608,-1.9189146447133016,-3.372209844788903
40,image_040.png,402,816,3,175,402,109,174,,0.43532338308457713,0.49264705882352944,0.27114427860696516,0.21323529411764705,-1.3051042063898775,-1.545359055749578
40,image_040.png,402,816,4,163,773,100,34,,0.4054726368159204,0.9473039215686274,0.24875621890547264,0.041666666666666664,-1.3912819026309298,-3.1780538303479458
41,image_039.jpg,1200,900,1,182,86,203,101,,0.15166666666666667,0.09555555555555556,0.16916666666666666,0.11222222222222222,-1.7768708567343043,-2.1872742464830512
41,image_039.jpg,1200,900,1,448,87,106,52,,0.37333333333333335,0.09666666666666666,0.08833333333333333,0.057777777777777775,-2.4266377416640244,-2.8511510447428834
41,image_039.jpg,1200,900,1,824,112,88,57,,0.6866666666666666,0.12444444444444444,0.07333333333333333,0.06333333333333334,-2.6127400212978853,-2.7593434954897607
41,image_039.jpg,1200,900,2,251,202,84,57,,0.20916666666666667,0.22444444444444445,0.07,0.06333333333333334,-2.659260036932778,-2.7593434954897607
41,image_039.jpg,1200,900,2,473,155,69,36,,0.39416666666666667,0.17222222222222222,0.0575,0.04,-2.855970331178832,-3.2188758248682006
41,image_039.jpg,1200,900,2,837,195,56,39,,0.6975,0.21666666666666667,0.04666666666666667,0.043333333333333335,-3.0647251450409425,-3.138833117194664
41,image_039.jpg,1200,900,4,451,672,50,65,,0.37583333333333335,0.7466666666666667,0.041666666666666664,0.07222222222222222,-3.1780538303479458,-2.6280074934286737
41,image_039.jpg,1200,900,4,750,689,63,42,,0.625,0.7655555555555555,0.0525,0.04666666666666667,-2.946942109384559,-3.0647251450409425
41,image_039.jpg,1200,900,4,857,677,102,48,,0.7141666666666666,0.7522222222222222,0.085,0.05333333333333334,-2.4651040224918206,-2.9311937524164198
42,image_038.jpg,300,400,1,103,97,85,46,,0.3433333333333333,0.2425,0.2833333333333333,0.115,-1.2611312181658847,-2.162823150618887
42,image_038.jpg,300,400,2,120,165,74,39,,0.4,0.4125,0.24666666666666667,0.0975,-1.3997173814520312,-2.3279029009783354
42,image_038.jpg,300,400,3,82,193,159,173,,0.2733333333333333,0.4825,0.53,0.4325,-0.6348782724359695,-0.8381729526102031
43,image_037.jpg,400,600,1,254,117,144,136,,0.635,0.195,0.36,0.22666666666666666,-1.0216512475319814,-1.4842747694800944
43,image_037.jpg,400,600,2,216,171,72,94,,0.54,0.285,0.18,0.15666666666666668,-1.7147984280919266,-1.8536348729461425
43,image_037.jpg,400,600,3,175,276,218,299,,0.4375,0.46,0.545,0.49833333333333335,-0.6069694843188929,-0.6964860818254599
44,image_036.jpg,600,600,1,382,231,191,139,,0.6366666666666667,0.385,0.31833333333333336,0.23166666666666666,-1.1446562271695164,-1.4624557220854546
44,image_036.jpg,600,600,2,337,312,113,96,,0.5616666666666666,0.52,0.18833333333333332,0.16,-1.669541836503806,-1.8325814637483102
45,image_035.jpg,1600,1167,1,561,111,356,168,,0.350625,0.09511568123393316,0.2225,0.14395886889460155,-1.502828177375842,-1.938227652883297
45,image_035.jpg,1600,1167,2,593,328,311,216,,0.370625,0.2810625535561268,0.194375,0.18508997429305912,-1.6379659960486386,-1.686913224602391
45,image_035.jpg,1600,1167,3,472,519,576,408,,0.295,0.44473007712082263,0.36,0.3496143958868895,-1.0216512475319814,-1.0509244578823942
46,image_034.png,1200,675,1,421,31,84,57,,0.35083333333333333,0.045925925925925926,0.07,0.08444444444444445,-2.659260036932778,-2.4716614230379794
46,image_034.png,1200,675,1,519,31,59,46,,0.4325,0.045925925925925926,0.049166666666666664,0.06814814814814815,-3.0125393918703725,-2.6860712943834346
46,image_034.png,1200,675,1,578,11,101,52,,0.4816666666666667,0.016296296296296295,0.08416666666666667,0.07703703703703704,-2.474956318934832,-2.5634689722911026
46,image_034.png,1200,675,1,707,65,42,39,,0.5891666666666666,0.0962962962962963,0.035,0.057777777777777775,-3.3524072174927233,-2.8511510447428834
46,image_034.png,1200,675,1,822,28,86,67,,0.685,0.04148148148148148,0.07166666666666667,0.09925925925925926,-2.635729539522584,-2.310020071481564
46,image_034.png,1200,675,2,225,133,43,54,,0.1875,0.19703703703703704,0.035833333333333335,0.08,-3.3288767200825293,-2.5257286443082556
46,image_034.png,1200,675,2,331,130,81,90,,0.2758333333333333,0.1925925925925926,0.0675,0.13333333333333333,-2.695627681103653,-2.0149030205422647
46,image_034.png,1200,675,2,422,98,61,42,,0.3516666666666667,0.1451851851851852,0.050833333333333335,0.06222222222222222,-2.9792029716027804,-2.7770430725891617
46,image_034.png,1200,675,2,542,90,40,33,,0.45166666666666666,0.13333333333333333,0.03333333333333333,0.04888888888888889,-3.4011973816621555,-3.0182051294060495
46,image_034.png,1200,675,2,612,91,58,55,,0.51,0.1348148148148148,0.04833333333333333,0.08148148148148149,-3.029633825229672,-2.507379505640059
46,image_034.png,1200,675,2,826,113,78,82,,0.6883333333333334,0.1674074074074074,0.065,0.12148148148148148,-2.7333680090865,-2.107993443608277
46,image_034.png,1200,675,3,790,176,152,286,,0.6583333333333333,0.2607407407407407,0.12666666666666668,0.4237037037037037,-2.0661963149298153,-0.8587208800526772
46,image_034.png,1200,675,3,530,147,222,269,,0.44166666666666665,0.21777777777777776,0.185,0.3985185185185185,-1.6873994539038122,-0.9200013112706907
46,image_034.png,1200,675,3,418,166,98,249,,0.34833333333333333,0.24592592592592594,0.08166666666666667,0.3688888888888889,-2.50510935710552,-0.9972597944078222
46,image_034.png,1200,675,3,950,58,124,331,,0.7916666666666666,0.08592592592592592,0.10333333333333333,0.49037037037037035,-2.2697952701710546,-0.7125943154954669
46,image_034.png,1200,675,2,904,4,87,39,,0.7533333333333333,0.005925925925925926,0.0725,0.057777777777777775,-2.624168717121508,-2.8511510447428834
47,image_033.jpg,500,334,1,91,49,46,32,,0.182,0.1467065868263473,0.092,0.09580838323353294,-2.385966701933097,-2.345405090176974
47,image_033.jpg,500,334,2,97,88,43,20,,0.194,0.2634730538922156,0.086,0.059880239520958084,-2.4534079827286295,-2.8154087194227095
47,image_033.jpg,500,334,4,154,188,36,28,,0.308,0.562874251497006,0.072,0.08383233532934131,-2.631089159966082,-2.4789364828014966
47,image_033.jpg,500,334,3,78,102,88,64,,0.156,0.30538922155688625,0.176,0.19161676646706588,-1.7372712839439852,-1.6522579096170285
48,image_032.jpeg,1160,773,1,582,44,68,69,,0.5017241379310344,0.056921086675291076,0.05862068965517241,0.08926261319534282,-2.8366675789243034,-2.4161725439901627
48,image_032.jpeg,1160,773,1,256,178,161,83,,0.2206896551724138,0.23027166882276842,0.13879310344827586,0.1073738680465718,-1.9747709191159473,-2.231438440790824
48,image_032.jpeg,1160,773,2,593,122,46,33,,0.5112068965517241,0.15782664941785252,0.039655172413793106,0.042690815006468305,-3.2275338876113153,-3.1537714871209417
48,image_032.jpeg,1160,773,4,625,488,88,41,,0.5387931034482759,0.6313065976714101,0.07586206896551724,0.05304010349288486,-2.578838469622204,-2.936706981883114
48,image_032.jpeg,1160,773,3,576,151,137,119,,0.496551724137931,0.19534282018111254,0.11810344827586207,0.1539456662354463,-2.1361943582722853,-1.8711555554758925
48,image_032.jpeg,1160,773,3,30,223,217,341,,0.02586206896551724,0.2884864165588616,0.1870689655172414,0.4411384217335058,-1.6762779305599507,-0.8183965713039052
48,image_032.jpeg,1160,773,2,318,280,58,59,,0.27413793103448275,0.36222509702457956,0.05,0.07632600258732213,-2.995732273553991,-2.5727416046817027
49,image_031.jpeg,1486,991,1,477,158,127,117,,0.32099596231493943,0.15943491422805248,0.08546433378196501,0.11806256306760847,-2.4596561388191134,-2.136540599532232
49,image_031.jpeg,1486,991,1,638,26,190,93,,0.42934051144010765,0.026236125126135216,0.1278600269179004,0.09384460141271443,-2.0568191531172184,-2.366115041176732
49,image_031.jpeg,1486,991,1,1091,38,211,151,,0.734185733512786,0.03834510595358224,0.14199192462987886,0.15237134207870837,-1.951985091801638,-1.8814346975150638
49,image_031.jpeg,1486,991,2,508,286,92,37,,0.34185733512786004,0.2885973763874874,0.06191117092866756,0.03733602421796166,-2.782054648228664,-3.2877966216857635
49,image_031.jpeg,1486,991,2,660,181,77,54,,0.44414535666218036,0.18264379414732593,0.051816958277254375,0.054490413723511606,-2.9600378034240205,-2.9097304877657137
49,image_031.jpeg,1486,991,2,1146,242,117,116,,0.7711978465679677,0.24419778002018164,0.07873485868102288,0.1170534813319879,-2.5416692904799483,-2.1451243432236233
49,image_031.jpeg,1486,991,3,442,293,181,276,,0.297442799461642,0.2956609485368315,0.12180349932705249,0.2785065590312815,-2.1053461940118785,-1.278313668612838
49,image_031.jpeg,1486,991,3,669,245,265,369,,0.45020188425302826,0.2472250252270434,0.17833109017496634,0.37235116044399597,-1.7241133992914823,-0.9879178902894608
49,image_031.jpeg,1486,991,3,987,256,347,471,,0.6641991924629879,0.25832492431886983,0.2335127860026918,0.47527749747729564,-1.4545184453308453,-0.7438564403135702
50,image_030.jpg,996,702,1,458,5,111,147,,0.4598393574297189,0.007122507122507123,0.11144578313253012,0.2094017094017094,-2.1942170562722643,-1.5635008172470748
50,image_030.jpg,996,702,3,293,16,172,349,,0.29417670682730923,0.022792022792022793,0.17269076305220885,0.49715099715099714,-1.7562527807711452,-0.6988614818233839
50,image_030.jpg,996,702,4,142,538,67,144,,0.142570281124498,0.7663817663817664,0.06726907630522089,0.20512820512820512,-2.699054638193632,-1.5841201044498106
50,image_030.jpg,996,702,4,411,534,139,134,,0.4126506024096386,0.7606837606837606,0.1395582329317269,0.1908831908831909,-1.9692733244539067,-1.6560936040748997
51,image_029.jpeg,1200,627,4,481,530,68,67,,0.4008333333333333,0.8452950558213717,0.056666666666666664,0.10685805422647528,-2.870569130599985,-2.2362539212419548
51,image_029.jpeg,1200,627,4,710,520,83,64,,0.5916666666666667,0.8293460925039873,0.06916666666666667,0.10207336523125997,-2.671236227979494,-2.282063457273249
51,image_029.jpeg,1200,627,1,540,1,98,86,,0.45,0.001594896331738437,0.08166666666666667,0.1371610845295056,-2.50510935710552,-1.986599244379413
51,image_029.jpeg,1200,627,3,518,46,166,216,,0.43166666666666664,0.0733652312599681,0.13833333333333334,0.3444976076555024,-1.9780890474195485,-1.0656681329487556
52,image_028.jpg,1280,853,1,509,130,124,59,,0.39765625,0.15240328253223914,0.096875,0.06916764361078546,-2.334333791308626,-2.6712221035859596
52,image_028.jpg,1280,853,3,539,215,286,271,,0.42109375,0.25205158264947247,0.2234375,0.31770222743259086,-1.4986235460938102,-1.1466407266119782
52,image_028.jpg,1280,853,4,510,704,150,73,,0.3984375,0.8253223915592028,0.1171875,0.08558030480656506,-2.1439800628174073,-2.458300106343288
52,image_028.jpg,1280,853,4,758,713,98,61,,0.5921875,0.835873388042204,0.0765625,0.07151230949589683,-2.569647878243091,-2.637885683318368
53,image_027.png,1440,959,1,365,61,249,125,,0.2534722222222222,0.06360792492179354,0.17291666666666666,0.13034410844629823,-1.7549454961053388,-2.037577337581137
53,image_027.png,1440,959,1,1006,190,223,127,,0.6986111111111111,0.1981230448383733,0.15486111111111112,0.132429614181439,-1.8652266211099275,-2.021703988424847
53,image_027.png,1440,959,2,472,223,134,123,,0.3277777777777778,0.23253388946819603,0.09305555555555556,0.12825860271115747,-2.374558592619135,-2.0537067195110206
53,image_027.png,1440,959,2,971,341,158,85,,0.6743055555555556,0.3555787278415016,0.10972222222222222,0.0886339937434828,-2.2098033595430797,-2.423239818393122
53,image_027.png,1440,959,3,279,346,294,529,,0.19375,0.3607924921793535,0.20416666666666666,0.5516162669447341,-1.5888186252313647,-0.5949026430251388
54,image_026.jpg,590,332,1,255,15,66,29,,0.4322033898305085,0.045180722891566265,0.11186440677966102,0.08734939759036145,-2.1904677948733395,-2.4378391389300145
54,image_026.jpg,590,332,2,284,49,30,22,,0.48135593220338985,0.14759036144578314,0.05084745762711865,0.06626506024096386,-2.9789251552376097,-2.7140925155581725
54,image_026.jpg,590,332,4,212,280,60,28,,0.3593220338983051,0.8433734939759037,0.1016949152542373,0.08433734939759036,-2.2857779746776643,-2.472930458741285
54,image_026.jpg,590,332,4,292,290,66,22,,0.49491525423728816,0.8734939759036144,0.11186440677966102,0.06626506024096386,-2.1904677948733395,-2.7140925155581725
55,image_025.jpg,1600,1167,1,157,153,213,122,,0.098125,0.13110539845758354,0.133125,0.10454155955441302,-2.0164667425184475,-2.2581705875532996
55,image_025.jpg,1600,1167,1,803,140,174,134,,0.501875,0.11996572407883462,0.10875,0.11482433590402742,-2.2187036090133434,-2.1643518323356448
55,image_025.jpg,1600,1167,1,1258,99,176,72,,0.78625,0.08483290488431877,0.11,0.061696658097686374,-2.2072749131897207,-2.7855255132705006
55,image_025.jpg,1600,1167,2,200,276,148,80,,0.125,0.2365038560411311,0.0925,0.06855184233076264,-2.3805466344637574,-2.6801649976126742
55,image_025.jpg,1600,1167,2,521,507,113,92,,0.325625,0.43444730077120824,0.070625,0.07883461868037704,-2.650371089515532,-2.5404030552375154
55,image_025.jpg,1600,1167,2,763,253,148,94,,0.476875,0.21679520137103683,0.0925,0.0805484147386461,-2.3805466344637574,-2.518896850016552
55,image_025.jpg,1600,1167,2,1292,205,120,92,,0.8075,0.17566409597257926,0.075,0.07883461868037704,-2.5902671654458267,-2.5404030552375154
55,image_025.jpg,1600,1167,3,122,339,230,336,,0.07625,0.29048843187660667,0.14375,0.2879177377892031,-1.9396795993046774,-1.2450804723233517
55,image_025.jpg,1600,1167,3,430,600,251,324,,0.26875,0.5141388174807198,0.156875,0.2776349614395887,-1.8523059690960888,-1.2814481164942264
55,image_025.jpg,1600,1167,3,1232,293,248,345,,0.77,0.25107112253641817,0.155,0.29562982005141386,-1.8643301620628905,-1.2186472152551964
56,image_024.jpg,1600,1028,1,841,332,181,93,,0.525625,0.3229571984435798,0.113125,0.09046692607003891,-2.179261876962047,-2.4027709528618546
56,image_024.jpg,1600,1028,2,872,455,119,61,,0.545,0.44260700389105057,0.074375,0.05933852140077821,-2.5986354151163433,-2.824496581841799
56,image_024.jpg,1600,1028,4,435,816,182,76,,0.271875,0.7937743190661478,0.11375,0.07392996108949416,-2.1737522211510774,-2.6046371057287794
56,image_024.jpg,1600,1028,4,628,876,171,102,,0.3925,0.8521400778210116,0.106875,0.09922178988326848,-2.2360953517252127,-2.3103976327308393
57,image_023.jpg,590,332,1,232,14,120,64,,0.39322033898305087,0.04216867469879518,0.2033898305084746,0.1927710843373494,-1.5926307941177191,-1.6462518855568167
57,image_023.jpg,590,332,2,279,89,60,58,,0.4728813559322034,0.2680722891566265,0.1016949152542373,0.1746987951807229,-2.2857779746776643,-1.744691958370069
58,image_022.png,410,640,1,129,0,107,79,,0.3146341463414634,0.0,0.26097560975609757,0.1234375,-1.3433283252364472,-2.092020323886696
58,image_022.png,410,640,2,190,91,70,26,,0.4634146341463415,0.1421875,0.17073170731707318,0.040625,-1.7676619176489945,-3.2033716383322353
58,image_022.png,410,640,3,172,112,152,227,,0.4195121951219512,0.175,0.37073170731707317,0.3546875,-0.9922766388520771,-1.036518158872315
58,image_022.png,410,640,4,112,573,115,56,,0.2731707317073171,0.8953125,0.2804878048780488,0.0875,-1.2712250313351032,-2.436116485618568
58,image_022.png,410,640,4,241,540,51,53,,0.5878048780487805,0.84375,0.12439024390243902,0.0828125,-2.0843315269740277,-2.491176262801596
59,image_021.jpg,1300,975,1,407,13,281,207,,0.3130769230769231,0.013333333333333334,0.21615384615384614,0.2123076923076923,-1.5317648741158825,-1.549718677732478
59,image_021.jpg,1300,975,2,396,255,242,162,,0.3046153846153846,0.26153846153846155,0.18615384615384614,0.16615384615384615,-1.6811818172929418,-1.794841135765463
59,image_021.jpg,1300,975,3,285,429,405,345,,0.21923076923076923,0.44,0.31153846153846154,0.35384615384615387,-1.166232476343089,-1.0388930539664873
60,image_020.jpg,612,397,1,163,36,130,75,,0.26633986928104575,0.0906801007556675,0.21241830065359477,0.1889168765743073,-1.5491978320567437,-1.66644816715088
60,image_020.jpg,612,397,1,330,11,134,58,,0.5392156862745098,0.027707808564231738,0.21895424836601307,0.14609571788413098,-1.5188924825614147,-1.9234932701407712
60,image_020.jpg,612,397,2,195,130,79,39,,0.31862745098039214,0.327455919395466,0.12908496732026145,0.0982367758186398,-2.0472844300453046,-2.320374634557544
60,image_020.jpg,612,397,3,147,173,157,209,,0.24019607843137256,0.4357682619647355,0.2565359477124183,0.5264483627204031,-1.3604864771640182,-0.6416020287223793
60,image_020.jpg,612,397,3,332,149,188,244,,0.5424836601307189,0.37531486146095716,0.30718954248366015,0.6146095717884131,-1.1802903196823769,-0.4867680553939885
61,image_019.jpg,1500,911,1,628,20,250,147,,0.4186666666666667,0.021953896816684963,0.16666666666666666,0.16136114160263446,-1.791759469228055,-1.8241103104812222
61,image_019.jpg,1500,911,2,660,197,163,121,,0.44,0.21624588364434688,0.10866666666666666,0.132821075740944,-2.219470186283539,-2.0187523516632173
61,image_019.jpg,1500,911,3,561,301,431,431,,0.374,0.33040614709110866,0.28733333333333333,0.47310647639956094,-1.2471122969865536,-0.7484348071562105
62,image_018.jpg,333,500,1,29,9,143,110,,0.08708708708708708,0.018,0.4294294294294294,0.22,-0.8452978597205366,-1.5141277326297755
62,image_018.jpg,333,500,2,104,149,84,64,,0.3123123123123123,0.298,0.25225225225225223,0.128,-1.3773256911371303,-2.05572501506252
62,image_018.jpg,333,500,4,198,424,126,27,,0.5945945945945946,0.848,0.3783783783783784,0.054,-0.9718605830289658,-2.9187712324178627
63,image_017.jpg,500,375,1,190,6,117,78,,0.38,0.016,0.234,0.208,-1.4524341636244356,-1.5702171992808192
63,image_017.jpg,500,375,2,205,99,94,60,,0.41,0.264,0.188,0.16,-1.6713133161521878,-1.8325814637483102
63,image_017.jpg,500,375,3,167,172,196,199,,0.334,0.45866666666666667,0.392,0.5306666666666666,-0.9364934391916745,-0.6336212012459185
64,image_016.jpg,1200,1200,1,704,580,141,87,,0.5866666666666667,0.48333333333333334,0.1175,0.0725,-2.1413169453979233,-2.624168717121508
64,image_016.jpg,1200,1200,2,712,678,135,65,,0.5933333333333334,0.565,0.1125,0.05416666666666667,-2.184802057337662,-2.9156895658804545
64,image_016.jpg,1200,1200,3,672,737,247,231,,0.56,0.6141666666666666,0.20583333333333334,0.1925,-1.5806884991481145,-1.647659125254298
65,image_015.jpg,300,225,1,129,17,68,42,,0.43,0.07555555555555556,0.22666666666666666,0.18666666666666668,-1.4842747694800944,-1.6784307839210517
65,image_015.jpg,300,225,2,135,72,50,34,,0.45,0.32,0.16666666666666666,0.1511111111111111,-1.791759469228055,-1.8897398775882588
65,image_015.jpg,300,225,3,119,105,89,106,,0.39666666666666667,0.4666666666666667,0.2966666666666667,0.4711111111111111,-1.215146104924061,-0.752661308092353
66,image_014.jpg,1600,969,1,714,28,199,141,,0.44625,0.02889576883384933,0.124375,0.14551083591331268,-2.0844540835033802,-1.927504721512598
66,image_014.jpg,1600,969,2,736,199,154,96,,0.46,0.20536635706914344,0.09625,0.09907120743034056,-2.3408063058142434,-2.31191642042293
66,image_014.jpg,1600,969,3,700,294,267,502,,0.4375,0.30340557275541796,0.166875,0.5180598555211559,-1.790510249827623,-0.657664492199037
67,image_013.jpeg,275,183,1,59,20,75,48,,0.21454545454545454,0.1092896174863388,0.2727272727272727,0.26229508196721313,-1.2992829841302609,-1.33828514193353
67,image_013.jpeg,275,183,2,59,78,71,34,,0.21454545454545454,0.4262295081967213,0.2581818181818182,0.18579234972677597,-1.3540912206252558,-1.6831256282252596
67,image_013.jpeg,275,183,3,32,102,122,75,,0.11636363636363636,0.5573770491803278,0.44363636363636366,0.4098360655737705,-0.8127500529333147,-0.8919980393051105
68,image_012.jpg,626,417,1,260,25,162,106,,0.41533546325878595,0.05995203836930456,0.25878594249201275,0.2541966426858513,-1.3517540358677145,-1.3696471276867344
68,image_012.jpg,626,417,2,290,164,81,87,,0.46325878594249204,0.3932853717026379,0.12939297124600638,0.20863309352517986,-2.0449012164276597,-1.5671781031442178
69,image_011.jpg,626,417,1,355,15,143,78,,0.5670926517571885,0.03597122302158273,0.22843450479233227,0.18705035971223022,-1.4765057408401911,-1.6763773951092098
69,image_011.jpg,626,417,2,391,102,71,58,,0.6246006389776357,0.2446043165467626,0.1134185303514377,0.13908872901678657,-2.176670494058783,-1.9726432112523822
70,image_010.jpg,350,350,1,90,4,200,112,,0.2571428571428571,0.011428571428571429,0.5714285714285714,0.32,-0.5596157879354228,-1.1394342831883648
70,image_010.jpg,350,350,2,81,121,159,87,,0.23142857142857143,0.3457142857142857,0.4542857142857143,0.24857142857142858,-0.7890289522632278,-1.3920250358288757
70,image_010.jpg,350,350,3,43,193,286,146,,0.12285714285714286,0.5514285714285714,0.8171428571428572,0.41714285714285715,-0.20194134366360675,-0.874326532775123
71,image_009.jpg,940,529,1,261,18,89,56,,0.2776595744680851,0.034026465028355386,0.09468085106382979,0.10586011342155009,-2.3572435055319096,-2.24563674112315
71,image_009.jpg,940,529,2,261,85,95,41,,0.2776595744680851,0.16068052930056712,0.10106382978723404,0.07750472589792061,-2.292002983663509,-2.5574163651539914
71,image_009.jpg,940,529,3,211,112,154,195,,0.22446808510638297,0.21172022684310018,0.16382978723404254,0.3686200378071834,-1.8089272728504204,-0.9979888732945525
71,image_009.jpg,940,529,4,223,474,105,47,,0.2372340425531915,0.8960302457466919,0.11170212765957446,0.0888468809073724,-2.191919525106526,-2.420840830148241
72,image_008.jpg,417,626,1,161,97,113,76,,0.38609112709832133,0.15495207667731628,0.2709832134292566,0.12140575079872204,-1.305698403086461,-2.1086170308137673
72,image_008.jpg,417,626,2,145,152,78,50,,0.34772182254196643,0.24281150159744408,0.18705035971223022,0.07987220447284345,-1.6763773951092098,-2.5273273656719524
72,image_008.jpg,417,626,3,120,157,118,178,,0.28776978417266186,0.2507987220447284,0.2829736211031175,0.28434504792332266,-1.2624015973331366,-1.2575668208080135
72,image_008.jpg,417,626,4,107,509,129,100,,0.2565947242206235,0.8130990415335463,0.30935251798561153,0.1597444089456869,-1.1732738174371293,-1.8341801851120072
73,image_007.jpg,626,417,1,149,7,126,63,,0.2380191693290735,0.016786570743405275,0.2012779552715655,0.1510791366906475,-1.6030684641486206,-1.8899514954072687
73,image_007.jpg,626,417,2,163,91,81,60,,0.26038338658146964,0.2182254196642686,0.12939297124600638,0.14388489208633093,-2.0449012164276597,-1.9387416595767009
73,image_007.jpg,626,417,3,110,135,209,248,,0.1757188498402556,0.3237410071942446,0.33386581469648563,0.5947242206235012,-1.0970161191352874,-0.5196574756338194
74,image_006.jpg,1290,1287,1,578,41,151,122,,0.448062015503876,0.031857031857031856,0.11705426356589148,0.0947940947940948,-2.1451176605407936,-2.35604816286287
74,image_006.jpg,1290,1287,2,571,184,156,54,,0.44263565891472867,0.14296814296814297,0.12093023255813953,0.04195804195804196,-2.1125414901061808,-3.1710851610318525
74,image_006.jpg,1290,1287,3,539,246,255,379,,0.4178294573643411,0.19114219114219114,0.19767441860465115,0.29448329448329447,-1.6211339521972916,-1.2225330025137005
74,image_006.jpg,1290,1287,4,733,1052,78,71,,0.568217054263566,0.8174048174048174,0.06046511627906977,0.05516705516705517,-2.805688670666126,-2.897389330554811
75,image_005.jpg,447,626,1,187,57,160,105,,0.41834451901565994,0.09105431309904154,0.3579418344519016,0.16773162939297126,-1.027384779379742,-1.785390020942575
75,image_005.jpg,447,626,2,234,201,104,81,,0.5234899328859061,0.3210862619808307,0.232662192393736,0.12939297124600638,-1.4581676954721963,-2.0449012164276597
75,image_005.jpg,447,626,3,95,263,304,331,,0.21252796420581654,0.42012779552715657,0.680089485458613,0.5287539936102237,-0.38553089320734707,-0.6372319957230356
76,image_004.jpg,225,338,1,88,47,51,44,,0.39111111111111113,0.1390532544378698,0.22666666666666666,0.1301775147928994,-1.4842747694800944,-2.0388562615647574
76,image_004.jpg,225,338,2,78,81,55,26,,0.3466666666666667,0.23964497041420119,0.24444444444444444,0.07692307692307693,-1.4087672169719492,-2.5649493574615367
76,image_004.jpg,225,338,3,65,78,65,110,,0.28888888888888886,0.23076923076923078,0.28888888888888886,0.3254437869822485,-1.241713132308783,-1.1225655296906025
76,image_004.jpg,225,338,4,57,281,74,47,,0.25333333333333335,0.8313609467455622,0.3288888888888889,0.1390532544378698,-1.1120353090002504,-1.9728982937729602
77,image_003.jpg,355,512,1,74,7,131,18,,0.2084507042253521,0.013671875,0.36901408450704226,0.03515625,-0.9969204662742642,-3.347952867143343
77,image_003.jpg,355,512,2,136,41,82,51,,0.38309859154929576,0.080078125,0.23098591549295774,0.099609375,-1.4653985422111626,-2.306498992315182
77,image_003.jpg,355,512,3,78,83,144,245,,0.21971830985915494,0.162109375,0.4056338028169014,0.478515625,-0.9023044898994151,-0.7370664144947808
78,image_002.jpg,800,702,1,308,35,90,62,,0.385,0.04985754985754986,0.1125,0.08831908831908832,-2.184802057337662,-2.4267990189807196
78,image_002.jpg,800,702,2,307,109,83,38,,0.38375,0.15527065527065528,0.10375,0.05413105413105413,-2.2657711198713293,-2.916347244299425
78,image_002.jpg,800,702,3,262,160,179,218,,0.3275,0.22792022792022792,0.22375,0.31054131054131057,-1.4972259218271722,-1.169438341236722
79,image_001.png,380,648,1,127,9,87,75,,0.33421052631578946,0.013888888888888888,0.22894736842105262,0.11574074074074074,-1.4742631340658479,-2.1564025828159643
79,image_001.png,380,648,3,102,102,161,244,,0.26842105263157895,0.1574074074074074,0.4236842105263158,0.3765432098765432,-0.8587668877359685,-0.9767224710590728
79,image_001.png,380,648,4,102,530,179,77,,0.26842105263157895,0.8179012345679012,0.4710526315789474,0.11882716049382716,-0.7527854468796764,-2.1300852744985908
